,Live,Dead
Median Inundation Frequency (%),0.0945945978165,0.148648649454
Median Distance to Estuary (m),342.052612305,402.492248535
Median Distance to Artificial Drainage (m),700.357055664,690.0
Median Elevation (m),0.758952021599,0.548640012741
